Country,Image,1961,1962,1963,1964,1965,1966,1967,1968,1969,1970,1971,1972,1973,1974,1975,1976,1977,1978,1979,1980,1981,1982,1983,1984,1985,1986,1987,1988,1989,1990,1991,1992,1993,1994,1995,1996,1997,1998,1999,2000,2001,2002,2003,2004,2005,2006,2007,2008,2009,2010,2011,2012,2013,2014,2015,2016,2017,2018
Afghanistan,,2279000.0,2279000.0,1947000.0,2230000.0,2282000.0,2033000.0,2280000.0,2354000.0,2454000.0,2081000.0,1915000.0,2450000.0,2700000.0,2750000.0,2850000.0,2936000.0,2652000.0,2813000.0,2663000.0,2550000.0,2470000.0,2391000.0,2306000.0,2194000.0,2081000.0,1925000.0,2300000.0,1900000.0,1800000.0,1650000.0,1726000.0,1650000.0,1940000.0,2050000.0,2100000.0,2300000.0,2711000.0,2834000.0,2499000.0,1469000.0,1597000.0,2686000.0,3480000.0,2390000.0,4266000.0,3363000.0,4484000.0,2623000.0,5064000.0,4532000.0,3388000.0,5050000.0,5169235.0,5370259.0,4673040.0,4555110.0,,
Albania,,97800.0,146407.0,61763.0,124208.0,119728.0,146084.0,163261.0,203184.0,240177.0,226582.0,259431.0,285000.0,333000.0,330000.0,310000.0,485000.0,490000.0,490000.0,490530.0,495900.0,488700.0,524000.0,583000.0,600000.0,603000.0,576000.0,593000.0,637000.0,613000.0,613000.0,297340.0,251862.0,464498.0,420000.0,405342.0,271150.0,388391.0,395067.0,272000.0,341100.0,282200.0,295300.0,259900.0,253400.0,260000.0,230900.0,249500.0,335000.0,333100.0,294900.0,292800.0,300000.0,294000.0,280000.0,275000.0,275000.0,,
Algeria,,685723.0,1507000.0,1589664.0,1162456.0,1325240.0,630051.0,1265506.0,1533794.0,1326190.0,1434548.0,1317392.0,1655854.0,1158077.0,1091111.0,1847793.0,1629687.0,827123.0,1083019.0,1080435.0,1511426.0,1218380.0,977070.0,789786.0,886469.0,1478018.0,1228800.0,1174800.0,614420.0,1152100.0,750080.0,1869400.0,1836750.0,1016500.0,713964.0,1499920.0,2982604.0,661514.0,2280000.0,1470000.0,760361.0,2039213.0,1501803.0,2964852.0,2730700.0,2414728.0,2687930.0,2318963.0,1111033.0,2953117.0,2605178.0,2910890.0,3432231.0,3299049.0,2436197.0,2656731.0,2440097.0,,
Angola,,20000.0,20000.0,20000.0,13000.0,20000.0,22000.0,27000.0,27000.0,14145.0,11965.0,12782.0,15070.0,11527.0,16985.0,13000.0,13000.0,10000.0,10000.0,8000.0,7000.0,6000.0,5000.0,4000.0,3000.0,3000.0,2400.0,2400.0,2400.0,2400.0,2500.0,2560.0,2800.0,3000.0,3000.0,5000.0,4588.0,4766.0,6000.0,4000.0,4000.0,4000.0,4000.0,3933.0,3943.0,4000.0,4000.0,4000.0,4000.0,4000.0,4000.0,4000.0,3828.0,3085.0,3449.0,4037.0,3995.0,,
Argentina,https://www.worldatlas.com/r/w728-h425-c728x425/upload/ad/a6/68/ar-flag-min.jpg,5725000.0,5700000.0,8940000.0,11260000.0,6079000.0,6247000.0,7320000.0,5740000.0,7020000.0,4920000.0,5440000.0,7900000.0,6560000.0,5970000.0,8570000.0,11582000.0,5653100.0,8469400.0,8317800.0,7974700.0,8369600.0,15097700.0,13111400.0,13678600.0,8742800.0,8756500.0,9101200.0,8596900.0,10055700.0,10055700.0,11036600.0,9998500.0,9995900.0,9736500.0,11406460.0,9542315.0,16106700.0,15086820.0,12600600.0,15478660.0,16146620.0,15427820.0,12399040.0,14710175.0,16139170.0,12721976.0,14662945.0,16486532.0,8508156.0,9016373.0,16067929.0,14683475.0,8134409.0,14143425.0,11571228.0,18557532.0,,19500500.0
Armenia,,,,,,,,,,,,,,,,,,,,,,,,,,,,,,,,,141483.0,217900.0,152900.0,153800.0,201400.0,183700.0,244300.0,214380.0,177762.0,241679.0,284670.0,216698.0,291556.0,258361.0,146544.0,254233.0,225734.0,198080.0,183464.0,224082.0,243130.0,311558.0,338158.0,362746.0,350369.0,,
Australia,https://upload.wikimedia.org/wikipedia/en/b/b9/Flag_of_Australia.svg,6727192.0,8352912.0,8924460.0,10036954.0,7067060.0,12699257.0,7546691.0,14804143.0,10546200.0,7889918.0,8606000.0,6590000.0,11987000.0,11357000.0,11982000.0,11800000.0,9370336.0,18090000.0,16188000.0,10856000.0,16360000.0,8875571.0,22016000.0,18666032.0,15999000.0,16119000.0,12287000.0,13935000.0,14214495.0,15066100.0,10557400.0,14738678.0,16479000.0,8961000.0,16504000.0,23702000.0,19224000.0,22108000.0,24757000.0,22108000.0,22108078.0,24299335.0,10131924.0,26131870.0,21905113.0,25150343.0,10821628.0,13569378.0,21420177.0,21834010.0,27410076.0,29905009.0,22855576.0,25303037.0,23742560.0,22274514.0,31818744.0,
Austria,,711673.0,706206.0,689528.0,750534.0,660712.0,896906.0,1045402.0,1044709.0,950279.0,810424.0,974281.0,863310.0,939152.0,1101762.0,945188.0,1233520.0,1071848.0,1194808.0,849921.0,1200599.0,1025011.0,1236355.0,1417365.0,1501000.0,1562776.0,1414599.0,1450734.0,1559993.0,1362951.0,1404468.0,1375253.0,1325401.0,1018013.0,1255122.0,1301445.0,1239723.0,1352281.0,1341820.0,1416200.0,1312962.0,1508283.0,1434208.0,1191380.0,1718825.0,1453072.0,1396300.0,1399341.0,1689688.0,1523368.0,1517805.0,1781837.0,1275498.0,1597706.0,1804018.0,1725737.0,1970364.0,,
Azerbaijan,,,,,,,,,,,,,,,,,,,,,,,,,,,,,,,,,943387.0,840960.0,739245.0,625575.0,758861.0,896422.0,798262.0,846030.0,1150281.0,1493741.0,1692818.0,1509557.0,1573006.0,1527026.0,1460303.0,1305458.0,1645792.0,2096203.0,1272340.0,1594394.0,1797028.0,1841307.0,1407405.0,1639830.0,1799859.0,,
Bangladesh,,32512.0,39624.0,44704.0,34544.0,34544.0,35600.0,53900.0,58900.0,93500.0,104700.0,111800.0,115012.0,90963.0,110929.0,116714.0,218174.0,259456.0,347997.0,494031.0,822706.0,1092513.0,967389.0,1095370.0,1211132.0,1463630.0,1041825.0,1090990.0,1048015.0,1021950.0,890000.0,1004290.0,1065050.0,1175630.0,1131000.0,1244990.0,1369130.0,1454100.0,1802815.0,1908000.0,1840000.0,1673000.0,1606000.0,1506710.0,1253380.0,975985.0,735000.0,737000.0,844000.0,849046.0,901490.0,972085.0,995356.0,1255000.0,1303000.0,1348000.0,1348186.0,,
Belarus,,,,,,,,,,,,,,,,,,,,,,,,,,,,,,,,,330200.0,354100.0,230300.0,438800.0,600300.0,743900.0,787700.0,711400.0,965800.0,867200.0,1017000.0,795594.0,1120912.0,1174763.0,1075238.0,1396553.0,2045237.0,1979000.0,1739110.0,2132369.0,2553570.0,2101183.0,2925079.0,2896411.0,2339950.0,,
Belgium,,,,,,,,,,,,,,,,,,,,,,,,,,,,,,,,,,,,,,,,,1687700.0,1457400.0,1675000.0,1640364.0,1913177.0,1768410.0,1661958.0,1577342.0,1850406.0,1909768.0,1849584.0,1687749.0,1834624.0,1803550.0,1994600.0,2019347.0,1400074.0,,
Bhutan,,5000.0,5100.0,5200.0,5300.0,5400.0,5600.0,5800.0,6000.0,6200.0,6400.0,6600.0,6800.0,7000.0,7200.0,7400.0,7600.0,7800.0,8000.0,8200.0,8500.0,9300.0,10000.0,11000.0,12071.0,11000.0,11000.0,8000.0,4100.0,4100.0,5000.0,5000.0,5000.0,7000.0,10000.0,13000.0,17000.0,20000.0,20000.0,20000.0,4350.0,4500.0,4582.0,4763.0,4191.0,11306.0,9100.0,8879.0,5828.0,4481.0,4873.0,6266.0,5038.0,5310.0,5172.0,3548.0,2683.0,,
Bolivia (Plurinational State of),,45000.0,40000.0,55000.0,57000.0,55000.0,41000.0,27000.0,45000.0,53200.0,44190.0,47100.0,53590.0,57000.0,62460.0,61750.0,69815.0,55610.0,56590.0,67755.0,60140.0,66620.0,66000.0,45647.0,78490.0,74333.0,81200.0,76655.0,62650.0,60794.0,54480.0,108733.0,95727.0,145129.0,82323.0,122805.0,98820.0,168547.0,175426.0,150012.0,101510.0,112659.0,119102.0,112930.0,116037.0,131198.0,143677.0,167095.0,199990.0,201508.0,241397.0,182927.0,145151.0,208735.0,159670.0,337599.0,346242.0,,
Bosnia and Herzegovina,,,,,,,,,,,,,,,,,,,,,,,,,,,,,,,,,340000.0,330000.0,313000.0,238750.0,165700.0,287372.0,340931.0,257764.0,336085.0,255221.0,272280.0,160734.0,318986.0,248332.0,232496.0,257112.0,240533.0,255848.0,145412.0,210004.0,225137.0,265152.0,170550.0,213015.0,306605.0,,
Botswana,,400.0,400.0,400.0,400.0,400.0,450.0,450.0,453.0,671.0,360.0,500.0,500.0,517.0,550.0,550.0,570.0,600.0,600.0,600.0,600.0,1000.0,1000.0,1000.0,1000.0,1000.0,1000.0,1000.0,1000.0,1000.0,1000.0,1500.0,500.0,853.0,1000.0,900.0,716.0,636.0,500.0,501.0,461.0,550.0,364.0,315.0,282.0,225.0,199.0,72.0,104.0,,,,,,,,,,
Brazil,,544858.0,705619.0,392363.0,643004.0,585384.0,614657.0,629301.0,856170.0,1373691.0,1844263.0,2011334.0,982901.0,2031338.0,2858530.0,1788180.0,3215745.0,2066039.0,2690888.0,2926764.0,2701613.0,2209631.0,1826945.0,2236700.0,1983157.0,4320267.0,5638470.0,6099111.0,5745670.0,5555184.0,3093791.0,2916823.0,2795598.0,2197354.0,2096259.0,1533871.0,3292777.0,2489070.0,2269847.0,2461856.0,1725792.0,3366599.0,3105660.0,6153500.0,5818846.0,4658790.0,2484848.0,4114057.0,6027131.0,5055525.0,6171250.0,5690043.0,4418388.0,5738473.0,6261895.0,5508451.0,6834421.0,,
Bulgaria,,2039600.0,2089680.0,1894270.0,2120540.0,2923010.0,3193356.0,3254163.0,2549202.0,2568708.0,3031719.0,3094544.0,3581633.0,3258147.0,3034078.0,2996135.0,3510835.0,3384211.0,3466215.0,3354760.0,3846572.0,4442757.0,4912580.0,3608421.0,4835576.0,3067514.0,4326575.0,4148650.0,4743133.0,5425026.0,5292233.0,4497045.0,3442555.0,3618220.0,3754310.0,3435250.0,1802110.0,3574840.0,3203359.0,2642973.0,2781242.0,4077497.0,4122765.0,2003937.0,3961178.0,3478066.0,3301882.0,2390610.0,4632210.0,3976852.0,4094597.0,4458492.0,4455104.0,5504941.0,5347078.0,5011597.0,5662721.0,,
Burundi,,4000.0,6500.0,7400.0,7400.0,8200.0,8230.0,8400.0,9800.0,4387.0,5000.0,5110.0,4599.0,5122.0,4098.0,5173.0,5600.0,6000.0,2742.0,4600.0,5600.0,7000.0,6000.0,6000.0,8000.0,8000.0,8000.0,8200.0,8300.0,8300.0,8600.0,8800.0,8900.0,8700.0,7942.0,8928.0,9054.0,9739.0,9778.0,7085.0,6097.0,8667.0,8290.0,8092.0,7493.0,7756.0,8007.0,7987.0,8094.0,8583.0,9034.0,9787.0,4196.0,6423.0,5628.0,6647.0,6815.0,,
Cameroon,,,,,,,,,,,,,,,,,370.0,787.0,1000.0,1548.0,1518.0,1518.0,900.0,400.0,270.0,359.0,400.0,400.0,400.0,400.0,381.0,577.0,588.0,600.0,609.0,563.0,400.0,564.0,581.0,598.0,615.0,632.0,650.0,669.0,689.0,709.0,730.0,753.0,777.0,802.0,900.0,950.0,800.0,850.0,881.0,875.0,885.0,,
Canada,https://images-na.ssl-images-amazon.com/images/I/51YCk1KrXWL._SL1414_.jpg,7713000.0,15393000.0,19691008.0,16349000.0,17674000.0,22516832.0,16136911.0,17689040.0,18267712.0,9024254.0,14412287.0,14513966.0,16159170.0,13303500.0,17080608.0,23587200.0,19858208.0,21136800.0,17196000.0,19292000.0,24802000.0,26715008.0,26465008.0,21187904.0,24252000.0,31378000.0,25945000.0,15913000.0,24796208.0,32098000.0,31945600.0,29877200.0,27255900.0,22919500.0,24989400.0,29801400.0,24299400.0,24082300.0,26959900.0,26535500.0,20630200.0,15961300.0,23048600.0,24795500.0,25748100.0,25265400.0,20090400.0,28619200.0,26949900.0,23299600.0,25288000.0,27205200.0,37529600.0,29419600.0,27594100.0,30486700.0,29984200.0,32201256.0
Chad,,1500.0,1400.0,2700.0,2700.0,3500.0,5200.0,8000.0,5500.0,7700.0,6900.0,6500.0,8210.0,7000.0,7200.0,5000.0,6000.0,4000.0,5000.0,6000.0,6000.0,5600.0,4900.0,10000.0,1248.0,5300.0,640.0,1071.0,2450.0,450.0,2100.0,3421.0,2400.0,2006.0,2932.0,2642.0,2650.0,3600.0,4749.0,3585.0,2688.0,2800.0,4000.0,2890.0,,3603.0,1865.0,8393.0,8100.0,5000.0,1698.0,1723.0,8750.0,1757.0,809.0,965.0,1742.0,,
Chile,,1030560.0,969750.0,1135610.0,1158880.0,1115834.0,1346410.0,1203500.0,1219700.0,1214200.0,1306900.0,1367900.0,1195135.0,746684.0,939050.0,1003070.0,866470.0,1219320.0,892620.0,995140.0,966000.0,685970.0,650000.0,585950.0,988280.0,1164690.0,1625809.0,1874117.0,1734199.0,1765525.0,1718214.0,1588677.0,1556588.0,1323600.0,1271200.0,1383861.0,1227148.0,1676887.0,1682040.0,1196626.0,1492710.0,1780160.0,1820387.0,1797080.0,1921652.0,1851940.0,1403689.0,1095872.0,1237691.0,1145290.0,1523921.0,1575822.0,1213101.0,1474663.0,1358128.0,1482310.0,1731935.0,,
China,https://upload.wikimedia.org/wikipedia/commons/thumb/f/fa/Flag_of_the_People%27s_Republic_of_China.svg/1200px-Flag_of_the_People%27s_Republic_of_China.svg.png,14294248.0,16707100.0,18493747.0,20859709.0,25243492.0,25308507.0,28508872.0,27472126.0,27294958.0,29188672.0,32577354.0,35986554.0,35225929.0,40865746.0,45313042.0,50386232.0,41076295.0,53842395.0,62732521.0,55212839.0,59642710.0,68472314.0,81391570.0,87817368.0,85807133.0,90043693.0,85904702.0,85432957.0,90810047.0,98231940.0,95953581.0,101591334.0,106394921.0,99301440.0,102211429.0,110569193.0,123290085.0,109726066.0,113880088.0,99636127.0,93873234.0,90290262.0,86488264.0,91952238.0,97445196.0,108466271.0,109298296.0,112464292.0,115115364.0,115186178.0,117414034.0,121030059.0,121930527.0,126215211.0,130192335.0,131696392.0,134334000.0,131430000.0
Colombia,,142100.0,162000.0,90000.0,85000.0,110000.0,125000.0,80000.0,105000.0,88700.0,53700.0,53200.0,69200.0,72400.0,58800.0,38900.0,45300.0,29400.0,37700.0,41970.0,45690.0,62300.0,70700.0,77800.0,59300.0,76100.0,81700.0,74200.0,62500.0,79700.0,104800.0,93900.0,75219.0,96303.0,105183.0,74126.0,64623.0,50181.0,39064.0,40008.0,37085.0,31793.0,40795.0,46571.0,43471.0,43963.0,26399.0,36778.0,39191.0,24349.0,15147.0,12754.0,8990.0,8346.0,6488.0,4567.0,2721.0,,
Croatia,,,,,,,,,,,,,,,,,,,,,,,,,,,,,,,,,658019.0,886921.0,750330.0,876507.0,741235.0,833508.0,1020450.0,558217.0,865260.0,811674.0,822650.0,506212.0,801424.0,601748.0,804601.0,812347.0,858333.0,936076.0,681017.0,782499.0,999681.0,998940.0,648917.0,758638.0,960081.0,,
Cyprus,,45720.0,66040.0,64008.0,45720.0,91440.0,55880.0,96520.0,66040.0,81280.0,43180.0,96520.0,81280.0,4064.0,96520.0,32512.0,34544.0,23368.0,20320.0,13208.0,13208.0,10668.0,10160.0,9100.0,9000.0,9000.0,6500.0,13500.0,13000.0,8000.0,10400.0,5600.0,10500.0,11700.0,8000.0,11000.0,13000.0,11500.0,11500.0,14000.0,10000.0,10500.0,12900.0,14280.0,9930.0,9249.0,7518.0,10712.0,2472.0,14690.0,18889.0,23740.0,22923.0,15181.0,4445.0,35356.0,22831.0,,
Czech Republic,,,,,,,,,,,,,,,,,,,,,,,,,,,,,,,,,,3304271.0,3713476.0,3822769.0,3727203.0,3640269.0,3844741.0,4028271.0,4084107.0,4476080.0,3866473.0,2637891.0,5042523.0,4145039.0,3506252.0,3938924.0,4631502.0,4358073.0,4161553.0,4913048.0,3518896.0,4700696.0,5442349.0,5274272.0,5454663.0,,
Democratic People's Republic of Korea,,85000.0,87000.0,94000.0,98000.0,88000.0,96000.0,91000.0,87000.0,88000.0,88000.0,91000.0,87000.0,98000.0,102000.0,106000.0,108000.0,115000.0,111000.0,115000.0,99000.0,114000.0,121000.0,124000.0,132000.0,127000.0,143000.0,133000.0,128000.0,129000.0,116000.0,135000.0,123000.0,123000.0,125000.0,125000.0,100000.0,100000.0,165000.0,97000.0,50000.0,123866.0,145000.0,161000.0,175000.0,193000.0,199000.0,195000.0,175000.0,169000.0,160000.0,127000.0,74000.0,75000.0,45000.0,55000.0,56702.0,,
Democratic Republic of the Congo,,2127.0,2970.0,2892.0,3084.0,3000.0,3300.0,3956.0,2806.0,3420.0,3256.0,2000.0,1655.0,1324.0,3400.0,3500.0,3600.0,3500.0,3600.0,2900.0,3100.0,3100.0,3200.0,3400.0,3400.0,3400.0,8260.0,6510.0,6590.0,6670.0,6750.0,6830.0,9230.0,9730.0,10250.0,10818.0,10255.0,10342.0,10443.0,9900.0,9385.0,8897.0,8440.0,8490.0,8540.0,8590.0,8640.0,8690.0,8740.0,8790.0,8841.0,8841.0,8836.0,8535.0,8304.0,8196.0,8208.0,,
Denmark,,434057.0,643992.0,494060.0,541454.0,563769.0,400474.0,420312.0,464851.0,428455.0,512491.0,585206.0,592215.0,542247.0,591572.0,519381.0,592557.0,605645.0,642428.0,589886.0,652372.0,834765.0,1206971.0,1547845.0,2445877.0,1972165.0,2177228.0,2284719.0,2080441.0,3224153.0,3953412.0,3669852.0,3583011.0,4334000.0,3725194.0,4598500.0,4757742.0,4964703.0,4928375.0,4470745.0,4693422.0,4663938.0,4056240.0,4701382.0,4758500.0,4887200.0,4801600.0,4519200.0,5018700.0,5940400.0,5059900.0,4831000.0,4525100.0,4145200.0,5153300.0,5029300.0,4201500.0,,
Ecuador,,78170.0,67300.0,52600.0,47200.0,61300.0,62727.0,78543.0,82910.0,94099.0,81000.0,68493.0,50640.0,45189.0,54989.0,64647.0,65000.0,39800.0,28904.0,31248.0,31113.0,41431.0,38538.0,26914.0,25172.0,18464.0,33006.0,31368.0,34198.0,25634.0,29907.0,17059.0,23997.0,25528.0,19836.0,19763.0,20431.0,19302.0,19787.0,19011.0,12958.0,13631.0,8845.0,11052.0,10214.0,8429.0,7577.0,9243.0,8144.0,11314.0,7605.0,5938.0,7450.0,5755.0,6814.0,2053.0,6746.0,,
Egypt,,1435926.0,1593098.0,1493000.0,1499881.0,1272000.0,1465000.0,1299000.0,1526000.0,1277000.0,1519000.0,1732000.0,1618000.0,1938112.0,1886000.0,2033265.0,1960000.0,1697000.0,1933000.0,1856000.0,1736440.0,1938327.0,2016992.0,1996000.0,1815176.0,1872000.0,1928000.0,2721000.0,2838000.0,3182000.0,4268049.0,4482523.0,4617997.0,4832598.0,4437055.0,5722441.0,5735367.0,5849134.0,6093151.0,6346642.0,6564053.0,6254583.0,6624868.0,6844692.0,7177855.0,8140960.0,8274230.0,7379000.0,7977051.0,8522995.0,7177399.0,8407126.0,8795483.0,9460200.0,9279804.0,9607736.0,9000000.0,,
Eritrea,,,,,,,,,,,,,,,,,,,,,,,,,,,,,,,,,,5400.0,13520.0,9605.0,7857.0,9635.0,31937.0,27518.0,13776.0,36490.0,4365.0,4755.0,9052.0,21559.0,21570.0,27274.0,5391.0,26142.0,33000.0,29000.0,33000.0,30000.0,30000.0,30000.0,31305.0,,
Estonia,,,,,,,,,,,,,,,,,,,,,,,,,,,,,,,,,89400.0,105600.0,57091.0,77101.0,101249.0,111186.0,118011.0,88424.0,146800.0,133003.0,148420.0,144885.0,196634.0,263408.0,219590.0,345726.0,342500.0,342520.0,327600.0,360400.0,484700.0,406800.0,615500.0,812600.0,455543.0,,
Eswatini,,,,,,,,,,,106.0,789.0,1147.0,1431.0,1134.0,442.0,194.0,1300.0,1300.0,1300.0,1300.0,1300.0,1300.0,1300.0,1300.0,1300.0,1300.0,1300.0,1300.0,1300.0,1435.0,400.0,300.0,385.0,500.0,450.0,300.0,341.0,350.0,300.0,300.0,327.0,330.0,341.0,345.0,333.0,348.0,325.0,399.0,420.0,450.0,551.0,700.0,720.0,663.0,565.0,577.0,,
Ethiopia,,,,,,,,,,,,,,,,,,,,,,,,,,,,,,,,,,895520.0,802747.0,1083680.0,1162310.0,1092820.0,1142710.0,1149670.0,1235270.0,1596020.0,1444434.0,1618093.0,1614441.0,2176603.0,2219075.0,2463064.0,2314489.0,3075644.0,2855682.0,2916334.0,3434706.0,3925174.0,4231589.0,4650934.0,4537852.0,,
Finland,,460792.0,421500.0,397000.0,462500.0,500700.0,367800.0,506800.0,515500.0,481400.0,409300.0,443400.0,461900.0,462000.0,593100.0,621500.0,654100.0,294900.0,240600.0,208400.0,356700.0,235000.0,435400.0,549500.0,478300.0,472100.0,529100.0,281100.0,284600.0,507000.0,626900.0,430500.0,212300.0,358500.0,337400.0,379500.0,459300.0,464100.0,396900.0,254100.0,538300.0,488900.0,568600.0,679000.0,782300.0,801300.0,684100.0,796800.0,787500.0,887000.0,724400.0,974800.0,887100.0,869400.0,1088200.0,992100.0,823900.0,,
France,https://upload.wikimedia.org/wikipedia/en/thumb/c/c3/Flag_of_France.svg/1200px-Flag_of_France.svg.png,9573520.0,14053770.0,10248960.0,13837700.0,14760000.0,11296620.0,14287540.0,14984900.0,14446000.0,12649000.0,15241000.0,17996000.0,17851008.0,19007008.0,15013000.0,16126000.0,17450000.0,20967712.0,19544000.0,23781008.0,23762000.0,25358000.0,24745008.0,32977008.0,28784000.0,26474784.0,27414576.0,29038496.0,31822304.0,33345808.0,34362204.0,32490755.0,29200263.0,30493197.0,30869729.0,35935157.0,33862198.0,39801138.0,36950991.0,37355957.0,31545319.0,38936515.0,30479362.0,39690180.0,36886103.0,35363563.0,32763446.0,39006372.0,38336865.0,38207431.0,35992794.0,37885742.0,38651472.0,38950202.0,42750027.0,29504454.0,36924938.0,
Georgia,,,,,,,,,,,,,,,,,,,,,,,,,,,,,,,,,190700.0,114000.0,89400.0,76500.0,107400.0,291700.0,144629.0,226073.0,89406.0,306479.0,199675.0,225414.0,185834.0,190137.0,69700.0,74900.0,80300.0,53900.0,48400.0,96800.0,80700.0,81000.0,47500.0,125600.0,126600.0,,
Germany,https://upload.wikimedia.org/wikipedia/en/thumb/b/ba/Flag_of_Germany.svg/1280px-Flag_of_Germany.svg.png,5076707.0,5906465.0,6135981.0,6551198.0,6149342.0,6053960.0,7830615.0,8575084.0,7987161.0,7794037.0,9631772.0,9351589.0,9995657.0,10914574.0,9749836.0,9416595.0,10149096.0,11265143.0,11177128.0,11253864.0,11254906.0,11370906.0,12548219.0,14125965.0,13801524.0,14601295.0,13971181.0,15620731.0,14509067.0,15241870.0,16611967.0,15541661.0,15766533.0,16480510.0,17763312.0,18921683.0,19826755.0,20187491.0,19615366.0,21621548.0,22837837.0,20817740.0,19259811.0,25427210.0,23692700.0,22427900.0,20828077.0,25988564.0,25192350.0,23782955.0,22782700.0,22409300.0,25019100.0,27784700.0,26549500.0,24463800.0,24481600.0,
Greece,,1527870.0,1722137.0,1416932.0,2088000.0,2071988.0,2020033.0,1935922.0,1568000.0,1723594.0,1930736.0,1946000.0,1768000.0,1682000.0,2153000.0,2120000.0,2376000.0,1766516.0,2704452.0,2407000.0,2970000.0,2932000.0,3039000.0,2059000.0,2316000.0,1807000.0,2389000.0,2314000.0,2514000.0,2762000.0,1939000.0,3162000.0,2288000.0,2078846.0,2470190.0,2314836.0,2086213.0,2081482.0,2062775.0,1976552.0,2287322.0,2196643.0,2038582.0,1701947.0,2092097.0,2018524.0,1778170.0,1629072.0,2074608.0,2139472.0,1920670.0,1857429.0,1835901.0,1831869.0,1570416.0,1609770.0,1698031.0,,
Guatemala,,24656.0,32079.0,35609.0,36100.0,27164.0,29642.0,31555.0,33140.0,31208.0,36025.0,38031.0,46715.0,47104.0,51106.0,45382.0,47864.0,55752.0,59616.0,56764.0,58128.0,55300.0,48600.0,69600.0,90700.0,53800.0,52744.0,45418.0,49895.0,44225.0,32033.0,22680.0,22680.0,24267.0,26004.0,26003.0,23690.0,23000.0,14633.0,8246.0,9525.0,6214.0,2676.0,2830.0,4232.0,2976.0,1588.0,1864.0,1846.0,1547.0,1438.0,1433.0,1515.0,1556.0,1674.0,594.0,744.0,,
Honduras,,802.0,755.0,691.0,560.0,528.0,538.0,549.0,564.0,681.0,681.0,700.0,700.0,700.0,500.0,500.0,500.0,500.0,1000.0,700.0,700.0,700.0,700.0,650.0,650.0,600.0,600.0,650.0,680.0,700.0,750.0,786.0,800.0,841.0,850.0,900.0,929.0,1000.0,1000.0,950.0,1052.0,1061.0,1062.0,1000.0,1055.0,1070.0,1085.0,1099.0,1113.0,1127.0,1140.0,1169.0,1172.0,1184.0,1196.0,1208.0,1220.0,,
Greece,,1935700.0,1973137.0,1592851.0,2142857.0,2453283.0,2348683.0,3021625.0,3360554.0,3585385.0,2722523.0,3921939.0,4094570.0,4502385.0,4970811.0,4007324.0,5148100.0,5319049.0,5677255.0,3708866.0,6077330.0,4613863.0,5761862.0,5985098.0,7391963.0,6578346.0,5793015.0,5747761.0,7025775.0,6539521.0,6198256.0,6007888.0,3453112.0,3020655.0,4873751.0,4614200.0,3911820.0,5258817.0,4898634.0,2638970.0,3692470.0,5196760.0,3910244.0,2941248.0,6006820.0,5088219.0,4376235.0,3986708.0,5630833.0,4419163.0,3745190.0,4107000.0,4010990.0,5058300.0,5261890.0,5331426.0,4788027.0,,
India,https://upload.wikimedia.org/wikipedia/en/thumb/4/41/Flag_of_India.svg/1200px-Flag_of_India.svg.png,10997000.0,12072000.0,10776000.0,9853000.0,12257000.0,10394000.0,11393000.0,16540100.0,18651600.0,20093296.0,23832496.0,26409904.0,24734608.0,21778000.0,24104400.0,28846304.0,29009904.0,31749200.0,35507808.0,31830000.0,36312608.0,37451808.0,42793904.0,45476000.0,44068800.0,47051808.0,44322896.0,46169408.0,54110208.0,49849504.0,55134496.0,55689504.0,57210100.0,59840000.0,65767400.0,62097400.0,69350200.0,66345000.0,71287504.0,76368896.0,69680896.0,72766304.0,65760800.0,72156200.0,68636896.0,69354496.0,75806704.0,78570200.0,80679400.0,80803600.0,86874000.0,94880000.0,93510000.0,95850000.0,86530000.0,93500000.0,98510000.0,99870000.0
Islamic Republic of Iran,,2869119.0,2754740.0,2468140.0,2622578.0,3647713.0,4380982.0,3800000.0,4400000.0,4100000.0,4262000.0,3700000.0,4546000.0,4600000.0,4700000.0,5507000.0,6044000.0,5517200.0,5660000.0,6025148.0,5849800.0,5652852.0,6660072.0,5956162.0,6206681.0,6630522.0,7556390.0,7601280.0,7260230.0,6010024.0,8011675.0,8792666.0,10178679.0,10732342.0,10869560.0,11227546.0,10015183.0,10044716.0,11955080.0,8673197.0,8087756.0,9458618.0,12450242.0,13439565.0,14568481.0,14307970.0,14663745.0,15886609.0,6999977.0,12093028.0,12142988.0,8677966.0,8816001.0,9304246.0,10578699.0,11522318.0,11097605.0,,
Iraq,,857350.0,1085494.0,488254.0,807013.0,1005288.0,825955.0,860000.0,1537000.0,1183000.0,1236000.0,822300.0,2625000.0,957000.0,1339000.0,845400.0,1302400.0,695700.0,909800.0,684800.0,975600.0,902000.0,965100.0,841000.0,470900.0,1405500.0,1036000.0,722200.0,929200.0,491400.0,1195800.0,1476400.0,1006000.0,1187000.0,1342000.0,1236000.0,1300000.0,1063000.0,1130000.0,800000.0,384000.0,903400.0,2589000.0,2329000.0,1832000.0,2228000.0,2086000.0,2202800.0,1255000.0,1700390.0,2748840.0,2808900.0,3062312.0,4178379.0,5055111.0,2645061.0,3052939.0,,
Ireland,,469900.0,439000.0,300600.0,271600.0,232660.0,185300.0,298000.0,412300.0,362800.0,381000.0,380200.0,270400.0,228900.0,245000.0,195000.0,200000.0,250000.0,253000.0,252000.0,272000.0,286000.0,400000.0,387000.0,602000.0,495000.0,424000.0,402000.0,455000.0,459000.0,598000.0,674000.0,714000.0,539000.0,572000.0,583000.0,771000.0,725000.0,673000.0,597000.0,737400.0,769200.0,867200.0,794100.0,1019200.0,802700.0,801000.0,713400.0,992800.0,690100.0,669200.0,929200.0,707900.0,545300.0,717000.0,696600.0,647700.0,,
Israel,,65900.0,51700.0,54700.0,126500.0,150000.0,100600.0,221600.0,175000.0,155800.0,125000.0,199500.0,301400.0,241500.0,274000.0,243300.0,205500.0,220000.0,167000.0,133200.0,253200.0,215000.0,147000.0,335000.0,130000.0,127700.0,168500.0,298000.0,211000.0,201700.0,291200.0,180000.0,254100.0,217000.0,103230.0,242000.0,185000.0,116000.0,155000.0,29000.0,94000.0,157970.0,177275.0,184300.0,154300.0,200800.0,131200.0,158921.0,75734.0,132963.0,112324.0,141866.0,222487.0,178200.0,139800.0,173000.0,168000.0,,
Italia,https://cdn.britannica.com/59/1759-004-869EAE49/Flag-Italy.jpg,8301200.0,9496900.0,8126800.0,8585800.0,9775900.0,9399600.0,9595600.0,9655400.0,9584600.0,9688600.0,9993900.0,9255000.0,8811400.0,9576700.0,9480000.0,9105800.0,6238300.0,9190500.0,8980300.0,9156000.0,8830300.0,8968300.0,8717400.0,10057300.0,8460700.0,9102100.0,9381000.0,7951900.0,7412900.0,8108500.0,9415660.0,8938421.0,8169800.0,8251400.0,7946080.0,7987241.0,6758351.0,8338301.0,7742800.0,7463968.0,6413300.0,7547763.0,6229453.0,8638721.0,7717129.0,7181720.0,7170181.0,8855440.0,6534746.0,6849858.0,6641807.0,7654248.0,7312025.0,7141926.0,7394495.0,8037872.0,,
Japan,,1781000.0,1631000.0,715500.0,1244000.0,1287000.0,1024000.0,996900.0,1012000.0,757900.0,473600.0,440300.0,283900.0,202300.0,231700.0,240700.0,222400.0,236400.0,366700.0,541300.0,582800.0,587400.0,741800.0,695300.0,740500.0,874200.0,875700.0,863700.0,1021000.0,984500.0,951500.0,759000.0,758700.0,637800.0,564800.0,443600.0,478100.0,573100.0,569500.0,583100.0,688200.0,699900.0,827800.0,855900.0,860300.0,874700.0,837200.0,910100.0,881200.0,674200.0,571300.0,746300.0,857800.0,811700.0,852400.0,1004000.0,790800.0,,
Jordan,,138200.0,111900.0,75800.0,294702.0,277863.0,101150.0,167200.0,95090.0,159332.0,54155.0,168079.0,211412.0,50420.0,244465.0,50016.0,66654.0,62485.0,53320.0,16465.0,133535.0,50613.0,52250.0,100800.0,49716.0,62827.0,30842.0,79806.0,78773.0,54520.0,82870.0,61844.0,75435.0,57094.0,46852.0,58457.0,42678.0,41782.0,35974.0,9250.0,25433.0,19293.0,43771.0,42526.0,13166.0,34363.0,22928.0,20997.0,7835.0,12484.0,22125.0,19801.0,19205.0,28517.0,27452.0,21925.0,31150.0,,
Kazakhstan,https://upload.wikimedia.org/wikipedia/commons/d/d3/Flag_of_Kazakhstan.svg,,,,,,,,,,,,,,,,,,,,,,,,,,,,,,,,18284600.0,11585000.0,9052200.0,6490400.0,7678100.0,8955000.0,4746300.0,11241800.0,9073460.0,12706810.0,12699980.0,11537420.0,9936970.0,11198330.0,13460480.0,16466870.0,12538190.0,17052020.0,9638400.0,22732067.0,9841128.0,13940809.0,12996865.0,13747587.0,14985379.0,,
Kenya,,109400.0,84200.0,110400.0,134700.0,172200.0,128400.0,162200.0,216300.0,241600.0,221486.0,205743.0,164383.0,136284.0,172332.0,158059.0,200274.0,178160.0,175121.0,207268.0,215674.0,214400.0,247500.0,253000.0,144590.0,250735.0,258840.0,233645.0,244525.0,243000.0,249411.0,264457.0,297000.0,212776.0,297000.0,312644.0,315000.0,252000.0,270810.0,211788.0,204232.0,256997.0,307215.0,378665.0,379425.0,368879.0,329193.0,322320.0,336688.0,219301.0,511994.0,268482.0,441944.0,449641.0,228900.0,238600.0,222400.0,,
Kuwait,,,,,,,,,,,,,,,,,,,,,,,,,,5.0,7.0,15.0,23.0,79.0,50.0,3.0,3.0,72.0,43.0,37.0,7.0,296.0,431.0,445.0,365.0,306.0,727.0,509.0,665.0,509.0,510.0,478.0,398.0,84.0,162.0,62.0,116.0,37.0,56.0,45.0,45.0,,
Kyrgyzstan,,,,,,,,,,,,,,,,,,,,,,,,,,,,,,,,,679000.0,830700.0,608400.0,625000.0,964100.0,1273660.0,1203676.0,1109107.0,1039109.0,1190600.0,1162567.0,1013718.0,998248.0,950076.0,840299.0,708877.0,746200.0,1056656.0,813300.0,799841.0,540531.0,819383.0,572734.0,704601.0,661514.0,,
Latvia,,,,,,,,,,,,,,,,,,,,,,,,,,,,,,,,,332400.0,338300.0,199400.0,243700.0,357500.0,394600.0,385300.0,351900.0,427400.0,451700.0,519500.0,468400.0,499900.0,676500.0,598300.0,807300.0,989600.0,1036400.0,989400.0,939500.0,1539800.0,1435000.0,1467500.0,2250100.0,2062300.0,,
Lebanon,,68500.0,75247.0,60000.0,59500.0,55000.0,69992.0,67690.0,47673.0,32956.0,43005.0,40971.0,63686.0,55138.0,75560.0,65000.0,40000.0,50000.0,45000.0,40000.0,20000.0,22000.0,23000.0,20000.0,18000.0,22500.0,30000.0,49218.0,51490.0,56438.0,52000.0,58594.0,61580.0,55000.0,52675.0,60005.0,58342.0,58394.0,80600.0,73000.0,108100.0,139500.0,119000.0,116300.0,136800.0,143700.0,153400.0,116200.0,143700.0,111400.0,83000.0,125000.0,150000.0,140000.0,140000.0,140413.0,147748.0,,
Lesotho,,57540.0,55000.0,55000.0,54000.0,50000.0,58000.0,50000.0,53780.0,59696.0,57552.0,57903.0,24000.0,36000.0,57000.0,45337.0,44640.0,61381.0,57906.0,33629.0,28194.0,16993.0,14462.0,14810.0,17127.0,18434.0,11009.0,18547.0,19237.0,29698.0,33162.0,6844.0,11854.0,8127.0,11955.0,10603.0,31300.0,33722.0,29641.0,15426.0,15545.0,50755.0,26250.0,21805.0,16216.0,13797.0,6085.0,3956.0,3720.0,7420.0,20119.0,20065.0,10516.0,13472.0,12592.0,10446.0,4000.0,,
Libya,,29992.0,33600.0,34100.0,28000.0,56913.0,57788.0,62221.0,52041.0,78421.0,27189.0,17726.0,41585.0,67327.0,38682.0,75134.0,133101.0,48117.0,99295.0,110000.0,140500.0,123110.0,188000.0,209737.0,183634.0,149000.0,190000.0,172000.0,161011.0,185000.0,128760.0,130000.0,125000.0,126000.0,120000.0,117000.0,124000.0,156400.0,140000.0,130000.0,125000.0,125000.0,125000.0,125000.0,125000.0,125000.0,104000.0,104000.0,104000.0,105000.0,132888.0,166000.0,200000.0,200000.0,200000.0,198440.0,164572.0,,
Lithuania,,,,,,,,,,,,,,,,,,,,,,,,,,,,,,,,,833800.0,890600.0,549400.0,637300.0,936200.0,1127400.0,1031000.0,870900.0,1237600.0,1076300.0,1217600.0,1204100.0,1430200.0,1379400.0,809800.0,1390700.0,1722500.0,2100200.0,1710400.0,1869300.0,2998900.0,2871300.0,3230600.0,4380330.0,3798430.0,,
Luxembourg,,,,,,,,,,,,,,,,,,,,,,,,,,,,,,,,,,,,,,,,,61184.0,54022.0,71656.0,68648.0,79978.0,71745.0,75603.0,70469.0,97760.0,90903.0,83474.0,76839.0,79198.0,91057.0,77943.0,91058.0,70069.0,,
Madagascar,,,,,,,,,,,,,,,,,260.0,483.0,420.0,147.0,323.0,300.0,300.0,300.0,300.0,300.0,563.0,337.0,1000.0,3000.0,5000.0,9000.0,10000.0,8000.0,4000.0,14000.0,4000.0,5000.0,10000.0,10000.0,9000.0,10000.0,10000.0,8718.0,8718.0,10079.0,10000.0,11000.0,10000.0,8664.0,8640.0,10000.0,10000.0,5000.0,5000.0,5000.0,5000.0,,
Malawi,,150.0,150.0,178.0,300.0,500.0,611.0,764.0,630.0,665.0,1814.0,665.0,855.0,605.0,544.0,635.0,919.0,407.0,500.0,500.0,500.0,688.0,700.0,700.0,1644.0,787.0,1287.0,1669.0,1869.0,1481.0,1639.0,877.0,613.0,1014.0,208.0,1572.0,2315.0,1339.0,1842.0,1655.0,1815.0,2241.0,1520.0,1502.0,1668.0,1730.0,1999.0,4605.0,2386.0,2590.0,2341.0,1850.0,1956.0,1784.0,1160.0,1178.0,797.0,,
Financial,,3750.0,3500.0,3000.0,2000.0,2000.0,2000.0,2000.0,2000.0,2000.0,2000.0,2000.0,2000.0,2000.0,2000.0,2000.0,2000.0,2000.0,2000.0,2000.0,2000.0,2000.0,1500.0,1500.0,1500.0,1444.0,1013.0,1425.0,1115.0,1710.0,2066.0,2540.0,1256.0,2210.0,2650.0,6150.0,3159.0,2720.0,6680.0,7585.0,6208.0,9353.0,6545.0,5701.0,8942.0,4805.0,8565.0,8585.0,13166.0,15132.0,10051.0,33842.0,40071.0,27430.0,45668.0,35756.0,40137.0,,
Malta,,2844.0,2844.0,2953.0,2770.0,2540.0,2337.0,2217.0,1352.0,1750.0,1847.0,2383.0,2390.0,2098.0,1780.0,2337.0,3106.0,3454.0,2983.0,3345.0,4352.0,4845.0,7814.0,7738.0,5000.0,5000.0,5000.0,4800.0,4700.0,4875.0,4900.0,5100.0,5500.0,5800.0,6000.0,6300.0,4200.0,9036.0,9000.0,8701.0,9556.0,9600.0,10000.0,9600.0,10522.0,10955.0,10500.0,12000.0,14500.0,13800.0,13802.0,14482.0,14416.0,14811.0,15199.0,15590.0,15980.0,,
Mauritania,,100.0,100.0,95.0,90.0,100.0,200.0,230.0,230.0,240.0,240.0,200.0,200.0,150.0,150.0,150.0,250.0,300.0,180.0,200.0,210.0,300.0,310.0,320.0,500.0,500.0,500.0,520.0,530.0,540.0,560.0,600.0,580.0,400.0,347.0,364.0,394.0,400.0,462.0,506.0,516.0,512.0,500.0,600.0,797.0,500.0,574.0,2000.0,4000.0,3414.0,2413.0,2888.0,6092.0,6684.0,7059.0,7530.0,7718.0,,
Mexico,,1401909.0,1455256.0,1702989.0,2203066.0,2150354.0,1647368.0,2122389.0,2080725.0,2326055.0,2676451.0,1830845.0,1809018.0,2090845.0,2788677.0,2798219.0,3363299.0,2455774.0,2784660.0,2286525.0,2784914.0,3193234.0,4391421.0,3463296.0,4505245.0,5214315.0,4769411.0,4415391.0,3665126.0,4374739.0,3930934.0,4060738.0,3620503.0,3582450.0,4150920.0,3468220.0,3375008.0,3656594.0,3235080.0,3020889.0,3493210.0,3275460.0,3236183.0,2715800.0,2321200.0,3015177.0,3378116.0,3515392.0,4019400.0,4116161.0,3676707.0,3627511.0,3274337.0,3357307.0,3669814.0,3710706.0,3862914.0,,
Mongolia,,98400.0,288400.0,291000.0,335200.0,291000.0,227000.0,289000.0,188000.0,114000.0,250200.0,316400.0,169700.0,339600.0,250200.0,365700.0,280000.0,318000.0,279000.0,240000.0,229800.0,295500.0,440100.0,647600.0,460400.0,688500.0,663700.0,543332.0,672187.0,686900.0,596200.0,538200.0,453200.0,450200.0,321900.0,256700.0,215282.0,237700.0,191836.0,166700.0,138722.0,138700.0,123064.0,160362.0,135622.0,73419.0,127757.0,109560.0,209830.0,388122.0,345458.0,435889.0,465294.0,368379.0,489295.0,203899.0,467053.0,,
the black Mountain,,,,,,,,,,,,,,,,,,,,,,,,,,,,,,,,,,,,,,,,,,,,,,,2497.0,752.0,1096.0,1155.0,946.0,1614.0,1444.0,2301.0,2159.0,2111.0,2354.0,,
"Morocco, West, sunset",,720000.0,1500000.0,1440000.0,1440000.0,1580000.0,1150000.0,1506500.0,2550000.0,1469000.0,1800500.0,2188100.0,2160770.0,1574000.0,1853000.0,1574820.0,2188940.0,1287600.0,1876450.0,1796000.0,1811000.0,892000.0,2183400.0,1970200.0,1989480.0,2358000.0,3809100.0,2427360.0,4019340.0,3926960.0,3613890.0,4938920.0,1562160.0,1573020.0,5523210.0,1090710.0,5915790.0,2316490.0,4378480.0,2153540.0,1380700.0,3316380.0,3358680.0,5146840.0,5539840.0,3043080.0,6326760.0,1582630.0,3769450.0,6371430.0,4876140.0,6017821.0,3878000.0,6933983.0,5115884.0,8074659.0,2731123.0,,
Mozambique,,8800.0,6000.0,14000.0,8000.0,10000.0,11000.0,8624.0,9202.0,5200.0,9202.0,13600.0,9000.0,8000.0,6000.0,3000.0,3000.0,2000.0,3000.0,2523.0,3000.0,10000.0,8000.0,6000.0,6000.0,5000.0,5000.0,3000.0,5000.0,5000.0,6862.0,3000.0,2000.0,1821.0,1624.0,1515.0,1451.0,1075.0,1221.0,1444.0,1500.0,2000.0,2700.0,3800.0,5000.0,6200.0,8400.0,10000.0,12500.0,15000.0,17870.0,20350.0,17653.0,19800.0,20710.0,20280.0,17088.0,,
Myanmar,,7436.0,14811.0,32435.0,54168.0,71773.0,96277.0,66790.0,51149.0,25846.0,33420.0,40099.0,26904.0,26695.0,24654.0,63570.0,56556.0,76393.0,93692.0,41640.0,90852.0,116763.0,123913.0,130041.0,213557.0,206272.0,189934.0,191755.0,156866.0,130138.0,124167.0,141100.0,136400.0,106900.0,87700.0,76700.0,85400.0,90700.0,92000.0,115300.0,92100.0,94400.0,105700.0,122400.0,150000.0,156200.0,140200.0,155300.0,170400.0,179200.0,181000.0,169800.0,177600.0,182900.0,182400.0,179300.0,102636.0,,
Namibia,,592.0,482.0,600.0,600.0,700.0,600.0,600.0,600.0,700.0,700.0,700.0,700.0,700.0,800.0,800.0,800.0,800.0,800.0,1000.0,1500.0,2000.0,2500.0,3000.0,3500.0,4000.0,5922.0,4960.0,4609.0,4380.0,4425.0,5900.0,3116.0,5700.0,6300.0,6400.0,5700.0,5721.0,5274.0,3644.0,3429.0,6119.0,10489.0,10289.0,8262.0,11015.0,12858.0,12163.0,14581.0,12448.0,13459.0,16300.0,14500.0,15000.0,10000.0,11817.0,13924.0,,
Nepal,,135000.0,138000.0,137578.0,138500.0,126000.0,147000.0,159000.0,204957.0,232780.0,264670.0,193360.0,223194.0,312494.0,308389.0,330815.0,387007.0,361853.0,411270.0,415230.0,439990.0,477190.0,525930.0,656630.0,633700.0,533720.0,598000.0,701040.0,744600.0,830050.0,854960.0,835970.0,761960.0,765000.0,898892.0,914000.0,1012930.0,1072000.0,1000770.0,1086480.0,1183530.0,1157865.0,1258045.0,1344192.0,1387191.0,1442442.0,1394126.0,1515139.0,1572065.0,1343862.0,1556539.0,1745811.0,1846142.0,1727346.0,1883147.0,1975625.0,1736849.0,,
Netherlands,,482130.0,603062.0,530320.0,712060.0,704000.0,598000.0,738587.0,678971.0,677181.0,643219.0,705799.0,673482.0,724577.0,745883.0,527793.0,709585.0,661173.0,792250.0,835600.0,882174.0,882055.0,967300.0,1042914.0,1131329.0,851034.0,940129.0,768850.0,827139.0,1046770.0,1076000.0,944146.0,1016791.0,1035000.0,981000.0,1167000.0,1268900.0,1063000.0,1072000.0,851400.0,1142700.0,990700.0,1056640.0,1130100.0,1223900.0,1174686.0,1184400.0,1018000.0,1366162.0,1402040.0,1369553.0,1175275.0,1302002.0,1335105.0,1304054.0,1300085.0,1016479.0,,
New Zealand,,253349.0,213233.0,249188.0,273990.0,250320.0,291778.0,347760.0,442334.0,458642.0,287212.0,325646.0,388663.0,376111.0,214582.0,179874.0,388178.0,354035.0,328756.0,295028.0,305768.0,325723.0,292052.0,300825.0,314556.0,309591.0,379700.0,336823.0,205984.0,134994.0,188042.0,180690.0,191039.0,219414.0,241853.0,245173.0,277014.0,317000.0,302100.0,320000.0,326000.0,364000.0,301499.0,318916.0,255860.0,318947.0,261798.0,344434.0,343350.0,403463.0,444890.0,383262.0,488614.0,447799.0,413497.0,413533.0,459349.0,,
Niger,,1000.0,1126.0,817.0,930.0,507.0,681.0,372.0,400.0,213.0,390.0,290.0,370.0,772.0,1650.0,1800.0,1000.0,1900.0,2062.0,980.0,1000.0,1700.0,2200.0,2500.0,8330.0,6900.0,8000.0,6000.0,2000.0,2400.0,13000.0,10400.0,8400.0,4400.0,7200.0,3100.0,1700.0,600.0,12500.0,12669.0,10946.0,6300.0,3500.0,3500.0,6250.0,9000.0,7796.0,7000.0,8775.0,6247.0,5241.0,1291.0,3114.0,5666.0,1802.0,8090.0,8234.0,,
Nigeria,,16000.0,16000.0,16000.0,20000.0,20000.0,20000.0,21000.0,20000.0,20000.0,19000.0,20000.0,20000.0,15000.0,18000.0,18000.0,18000.0,20000.0,20000.0,22000.0,24000.0,26000.0,26000.0,26000.0,27000.0,113000.0,132000.0,139000.0,50000.0,60000.0,50000.0,60000.0,40000.0,32600.0,35200.0,43600.0,47000.0,66000.0,98000.0,101000.0,73000.0,51000.0,54000.0,58000.0,62000.0,66000.0,71000.0,44000.0,53000.0,80000.0,107631.0,165000.0,100000.0,80000.0,70000.0,60000.0,60000.0,,
Norway,,27400.0,20000.0,17700.0,20200.0,11800.0,4145.0,10583.0,16365.0,11111.0,11601.0,10431.0,11596.0,19833.0,62095.0,51819.0,65268.0,77998.0,79806.0,67001.0,65000.0,57700.0,75500.0,96800.0,170400.0,169900.0,158500.0,249000.0,148300.0,139600.0,223606.0,246300.0,192500.0,360300.0,195100.0,312200.0,266300.0,255500.0,323400.0,229700.0,313400.0,259100.0,261500.0,349500.0,406800.0,395400.0,357000.0,401100.0,453300.0,278000.0,331400.0,284600.0,274700.0,213000.0,389600.0,495200.0,308800.0,,
Unavailable,,100.0,100.0,100.0,100.0,100.0,100.0,150.0,86.0,87.0,100.0,20.0,50.0,67.0,65.0,72.0,50.0,54.0,60.0,70.0,250.0,260.0,580.0,381.0,244.0,367.0,572.0,240.0,66.0,226.0,150.0,308.0,223.0,96.0,137.0,97.0,102.0,51.0,79.0,7.0,,37.0,,19.0,45.0,36.0,,,,,,,20.0,41.0,,5.0,8.0,,
Sultanate of Oman,,1400.0,1400.0,1500.0,1500.0,1500.0,1700.0,1700.0,1850.0,1850.0,2000.0,2000.0,2000.0,3000.0,3000.0,3000.0,2000.0,500.0,275.0,150.0,359.0,359.0,1141.0,1141.0,1141.0,251.0,289.0,369.0,700.0,900.0,1190.0,1200.0,1250.0,1300.0,1325.0,1350.0,1380.0,1250.0,770.0,1050.0,1413.0,1429.0,1421.0,1210.0,1200.0,865.0,775.0,947.0,1070.0,1874.0,2286.0,2126.0,2000.0,1095.0,3403.0,2525.0,2777.0,,
Pakistan,https://cdn10.bigcommerce.com/s-hhbbk/products/768/images/3824/PAKS0001__16464.1460460922.1280.1280.png,3814000.0,4026000.0,4170000.0,4162000.0,4590000.0,3916000.0,4334000.0,6418000.0,6618000.0,7294000.0,6475693.0,6890851.0,7442570.0,7628503.0,7673440.0,8690713.0,9143873.0,8367200.0,9950000.0,10856500.0,11474600.0,11304200.0,12414400.0,10881900.0,11703000.0,13923000.0,12015900.0,12675100.0,14419200.0,14315500.0,14565000.0,15684200.0,16156500.0,15213000.0,17002400.0,16907400.0,16650500.0,18694000.0,17857600.0,21078600.0,19023700.0,18226500.0,19183300.0,19499800.0,21612300.0,21276900.0,23294600.0,20958800.0,24033000.0,23310800.0,25213800.0,23473400.0,24211360.0,25979399.0,25086174.0,26005213.0,26674000.0,25100000.0
Paraguay,,7200.0,7000.0,8800.0,7000.0,7200.0,9160.0,25100.0,32000.0,31376.0,33000.0,54800.0,17600.0,23000.0,35245.0,17872.0,29251.0,28261.0,37801.0,58253.0,83679.0,98895.0,139071.0,102138.0,120764.0,201090.0,241543.0,270528.0,452006.0,372916.0,259337.0,240538.0,259337.0,425421.0,375679.0,208617.0,543435.0,400189.0,229173.0,180088.0,231119.0,532155.0,536754.0,715000.0,715000.0,800000.0,620000.0,800000.0,799632.0,1066800.0,1401987.0,1463881.0,1560600.0,1430000.0,840000.0,1139147.0,1144000.0,,
Peru,,153595.0,152666.0,155500.0,143150.0,146720.0,145002.0,152180.0,112912.0,136703.0,125374.0,122225.0,120080.0,122635.0,127364.0,126324.0,127497.0,115385.0,104401.0,102060.0,77148.0,116678.0,102711.0,83720.0,87442.0,92303.0,121143.0,130690.0,152804.0,159305.0,88487.0,87275.0,93787.0,125595.0,127035.0,125048.0,146152.0,123689.0,146640.0,169613.0,187746.0,181805.0,186853.0,190453.0,170411.0,178460.0,191082.0,181552.0,206936.0,226265.0,219454.0,214140.0,226218.0,230105.0,218904.0,214849.0,191108.0,,
Poland,,2792000.0,2700000.0,3067000.0,3042000.0,3338000.0,3556100.0,3857600.0,4567000.0,4709700.0,4607800.0,5455700.0,5146800.0,5806500.0,6408400.0,5206500.0,5744775.0,5308265.0,6029398.0,4187394.0,4175486.0,4203256.0,4475712.0,5165083.0,6010201.0,6460793.0,7501702.0,7941554.0,7582141.0,8461619.0,9025756.0,9269974.0,7368097.0,8242694.0,7658457.0,8668035.0,8575954.0,8192681.0,9536576.0,9051339.0,8502865.0,9283044.0,9304000.0,7858160.0,9892482.0,8771434.0,7059671.0,8317265.0,9274920.0,9789586.0,9408110.0,9339200.0,8607600.0,9485183.0,11628670.0,10957787.0,10827902.0,,
Portugal,,429643.0,645000.0,591964.0,471856.0,612300.0,323549.0,651300.0,762911.0,470099.0,564098.0,808510.0,620975.0,533200.0,546295.0,610815.0,694137.0,229477.0,254700.0,252160.0,432775.0,318631.0,427530.0,329411.0,467860.0,397267.0,501894.0,534224.0,405818.0,618000.0,297691.0,618697.0,361963.0,421838.0,462536.0,359849.0,405826.0,329271.0,150938.0,352148.0,354710.0,153604.0,413031.0,149569.0,292866.0,81530.0,249580.0,102258.0,203289.0,124146.0,82577.0,51003.0,58990.0,92014.0,98794.0,80393.0,90017.0,,
Qatar,,,,,,,,,,,,14.0,15.0,17.0,20.0,16.0,28.0,54.0,105.0,120.0,127.0,130.0,255.0,158.0,173.0,140.0,130.0,206.0,163.0,105.0,637.0,242.0,157.0,201.0,143.0,147.0,135.0,150.0,140.0,83.0,83.0,28.0,25.0,28.0,22.0,21.0,20.0,32.0,30.0,49.0,36.0,26.0,48.0,86.0,5.0,,6.0,,
The Republic of Korea,,172000.0,164000.0,139000.0,190000.0,184000.0,193000.0,191000.0,211345.0,224023.0,218633.0,196465.0,148997.0,99746.0,74198.0,96933.0,81621.0,44661.0,35705.0,41980.0,91957.0,57128.0,65812.0,111637.0,17237.0,10517.0,4545.0,3734.0,2473.0,1121.0,889.0,551.0,552.0,1483.0,2156.0,10262.0,10923.0,7433.0,4781.0,5626.0,2339.0,2841.0,5834.0,10011.0,12623.0,7678.0,5810.0,7351.0,10359.0,18782.0,39116.0,43677.0,37014.0,19061.0,23409.0,26433.0,28778.0,,
Republic of Moldova,,,,,,,,,,,,,,,,,,,,,,,,,,,,,,,,,925764.0,1392610.0,658780.0,1277501.0,784160.0,1345131.0,952990.0,800425.0,727721.0,1185210.0,1116180.0,521686.0,861030.0,1056690.0,691417.0,406484.0,1286332.0,736660.0,744160.0,794783.0,495231.0,1008647.0,1101682.0,922283.0,1292921.0,,
Romania,https://upload.wikimedia.org/wikipedia/commons/thumb/7/73/Flag_of_Romania.svg/1200px-Flag_of_Romania.svg.png,3990300.0,4053800.0,3798800.0,3823700.0,5937000.0,5064700.0,5819600.0,4847900.0,4348787.0,3356000.0,5595400.0,6040800.0,5489500.0,5006700.0,4860190.0,6724200.0,6435000.0,6102000.0,4569000.0,6264000.0,5281000.0,6122000.0,4935000.0,7388000.0,5532000.0,6278000.0,6632000.0,8528000.0,7840000.0,7289344.0,5473156.0,3206382.0,5314104.0,6135299.0,7666538.0,3143818.0,7156188.0,5181823.0,4661439.0,4434438.0,7735136.0,4420995.0,2479052.0,7812428.0,7340664.0,5526190.0,3044465.0,7180984.0,5202526.0,5811810.0,7131590.0,5297748.0,7296373.0,7584814.0,7962421.0,8431131.0,,
Russia,https://upload.wikimedia.org/wikipedia/en/thumb/f/f3/Flag_of_Russia.svg/1200px-Flag_of_Russia.svg.png,,,,,,,,,,,,,,,,,,,,,,,,,,,,,,,,46166670.0,43546550.0,32128210.0,30118470.0,34831232.0,44235132.0,26994700.0,30996953.0,34460052.0,46996294.0,50622106.0,34069788.0,45433661.0,47614681.0,44926880.0,49367973.0,63765140.0,61739751.0,41507581.0,56239994.0,37719640.0,52090797.0,59711382.0,61785799.0,73294568.0,85863132.0,71685000.0
Rwanda,,1200.0,1385.0,1744.0,321.0,480.0,100.0,300.0,621.0,810.0,1251.0,1235.0,2298.0,2380.0,2793.0,2303.0,3008.0,3692.0,3657.0,2976.0,2175.0,1042.0,2370.0,3300.0,3070.0,5000.0,5504.0,6740.0,8100.0,10400.0,11000.0,14800.0,12600.0,4800.0,3200.0,6000.0,6814.0,5997.0,4140.0,3607.0,6444.0,8269.0,7434.0,15305.0,16772.0,21942.0,19549.0,24633.0,67869.0,72479.0,77193.0,90684.0,75913.0,70129.0,68411.0,81179.0,83764.0,,
Kingdom of Saudi Arabia,,125000.0,108000.0,135000.0,130000.0,147900.0,148750.0,118149.0,125000.0,130000.0,130000.0,41908.0,38954.0,63719.0,153385.0,132038.0,92540.0,124610.0,119928.0,150426.0,141732.0,187231.0,416735.0,817497.0,1401644.0,2134930.0,2289995.0,2648773.0,3267391.0,3452427.0,3580344.0,4035498.0,4123660.0,3429980.0,2646023.0,1647956.0,1200000.0,1794900.0,1734000.0,2046000.0,1787542.0,2081870.0,2436443.0,2524278.0,2775678.0,2648472.0,2630394.0,2558000.0,1985556.0,1152447.0,1349389.0,1184454.0,854256.0,660145.0,500000.0,600594.0,765815.0,,
Serbia,,,,,,,,,,,,,,,,,,,,,,,,,,,,,,,,,,,,,,,,,,,,,,,1875335.0,1863811.0,2095400.0,2067555.0,1630404.0,2076237.0,2399225.0,2690266.0,2387202.0,2428203.0,2884537.0,,
Slovakia,,,,,,,,,,,,,,,,,,,,,,,,,,,,,,,,,,1528513.0,2144626.0,1937937.0,1713061.0,1885961.0,1789299.0,1187264.0,1254310.0,1800086.0,1554425.0,930363.0,1764846.0,1607868.0,1342693.0,1379643.0,1819479.0,1537905.0,1185286.0,1631112.0,1275302.0,1684274.0,2072405.0,2082134.0,2434213.0,,
Slovenia,,,,,,,,,,,,,,,,,,,,,,,,,,,,,,,,,152705.0,142856.0,155343.0,155575.0,137120.0,138930.0,169097.0,117251.0,162559.0,181083.0,174868.0,122920.0,146829.0,141293.0,134449.0,133339.0,160297.0,136904.0,153481.0,153575.0,188065.0,138235.0,173245.0,157058.0,163165.0,,
Somalia,,,,,,,,,,,,,,,,,,,,,,,,,,1300.0,1300.0,1370.0,1370.0,1400.0,925.0,660.0,867.0,925.0,998.0,917.0,918.0,919.0,900.0,939.0,960.0,950.0,958.0,965.0,1000.0,1200.0,960.0,970.0,1000.0,950.0,996.0,1003.0,1000.0,1000.0,1021.0,1023.0,1019.0,,
South Africa,,871000.0,705000.0,880000.0,1060000.0,656000.0,548000.0,1077000.0,1247000.0,1316000.0,1396000.0,1670000.0,1746000.0,1871000.0,1596000.0,1792000.0,2248000.0,1879000.0,1692000.0,2087000.0,1472000.0,2356000.0,2444000.0,1784000.0,2346000.0,1693000.0,2333000.0,3154000.0,3620000.0,2010000.0,1709000.0,2142000.0,1324000.0,1983770.0,1840380.0,1977254.0,2711991.0,2428840.0,1892080.0,1733030.0,2428100.0,2503950.0,2437745.0,1546840.0,1687000.0,1905000.0,2105000.0,1905000.0,2130000.0,1958000.0,1430000.0,2005000.0,1915000.0,1870000.0,1750000.0,1457015.0,1909540.0,,
South Sudan,,,,,,,,,,,,,,,,,,,,,,,,,,,,,,,,,,,,,,,,,,,,,,,,,,,,,,,,,,,
Spain,,3438000.0,4819545.0,4865360.0,3981000.0,4719000.0,4881000.0,5654000.0,5315000.0,4626000.0,4062000.0,5449700.0,4562500.0,3967300.0,4534600.0,4302900.0,4436200.0,4064100.0,4806100.0,4082300.0,6039500.0,3408500.0,4410300.0,4267900.0,6052300.0,5328688.0,4392000.0,5791000.0,6514100.0,5468200.0,4773500.0,5467700.0,4357506.0,4972971.0,4302340.0,3138700.0,6040500.0,4676290.0,5436300.0,5083800.0,7293623.0,5007698.0,6822160.0,6290100.0,7096724.0,4026694.0,5521582.0,6436359.0,6714300.0,4804772.0,5941197.0,6876657.0,5189828.0,7744900.0,6471400.0,6362694.0,6433865.0,,
Sudan,,26400.0,28500.0,30940.0,36765.0,56008.0,68976.0,78446.0,87535.0,123200.0,115300.0,163000.0,124000.0,152000.0,235000.0,269000.0,263000.0,289000.0,312000.0,165000.0,231000.0,218000.0,142000.0,176000.0,157000.0,79000.0,199000.0,157000.0,181000.0,247000.0,409000.0,686000.0,838000.0,453000.0,475000.0,448000.0,527000.0,642000.0,585000.0,172000.0,214000.0,303000.0,247000.0,332000.0,435000.0,416000.0,669000.0,803000.0,587000.0,641695.0,403000.0,292000.0,324000.0,265000.0,473000.0,778600.0,516000.0,,
Sweden,,839170.0,906330.0,695500.0,1064510.0,1038000.0,591030.0,1130330.0,1073550.0,916530.0,962130.0,994930.0,1130090.0,1311930.0,1793100.0,1454630.0,1764640.0,1522330.0,1290060.0,1003050.0,1193320.0,1066310.0,1490410.0,1721250.0,1775700.0,1338000.0,1730510.0,1557800.0,1295500.0,1750800.0,2242900.0,1480900.0,1406300.0,1746200.0,1344700.0,1553800.0,2030000.0,2056200.0,2248700.0,1658900.0,2371900.0,2371500.0,2088100.0,2256200.0,2412300.0,2246800.0,1967400.0,2255700.0,2202200.0,2277900.0,2143000.0,2253100.0,2289300.0,1868600.0,3086400.0,3300400.0,2834500.0,,
Switzerland,,316000.0,419800.0,302700.0,388400.0,352400.0,347700.0,425600.0,416100.0,378900.0,347800.0,378000.0,409700.0,345100.0,411400.0,355500.0,399600.0,323300.0,407800.0,422800.0,394400.0,408600.0,434200.0,445600.0,596800.0,549300.0,491700.0,461500.0,564500.0,649000.0,562600.0,583651.0,535209.0,573811.0,567322.0,613368.0,666291.0,584588.0,603242.0,495094.0,568700.0,505600.0,516500.0,436900.0,539400.0,531300.0,543800.0,543900.0,549084.0,549919.0,524017.0,553150.0,515595.0,479659.0,550826.0,527257.0,386720.0,,
Syrian Arab Republic,,757000.0,1374175.0,1189585.0,1100000.0,1044000.0,559000.0,1049000.0,600000.0,1003517.0,624562.0,846276.0,1808000.0,593462.0,1629896.0,1550061.0,1790109.0,1217214.0,1650696.0,1319959.0,2225800.0,2086953.0,1556441.0,1611988.0,1067600.0,1713866.0,1969000.0,1656350.0,2067138.0,1020000.0,2070000.0,2140000.0,3046000.0,3626491.0,3702985.0,4184144.0,4080357.0,3031090.0,4111625.0,2691504.0,3105489.0,4744623.0,4775440.0,4912993.0,4537459.0,4668750.0,4932000.0,4041100.0,2139300.0,3701784.0,3083100.0,3858331.0,3609096.0,3182111.0,2024332.0,2363630.0,2936783.0,,
Tajikistan,,,,,,,,,,,,,,,,,,,,,,,,,,,,,,,,,166400.0,170600.0,149000.0,170000.0,239000.0,452209.0,388149.0,365136.0,406196.0,387314.0,544565.0,660222.0,631328.0,618467.0,640339.0,649300.0,659096.0,1088591.0,1033144.0,726880.0,812588.0,947350.0,868368.0,896362.0,917081.0,,
Thailand,,,,,,,,,,,,,,,,,,,,,,,,,,,210.0,400.0,330.0,354.0,458.0,419.0,651.0,740.0,700.0,639.0,710.0,750.0,834.0,798.0,800.0,709.0,815.0,879.0,912.0,955.0,1000.0,1010.0,1035.0,1046.0,1087.0,1098.0,1000.0,1500.0,1337.0,1260.0,1308.0,,
The former Yugoslav Republic of Macedonia,,,,,,,,,,,,,,,,,,,,,,,,,,,,,,,,,299522.0,249789.0,336133.0,381226.0,269303.0,293762.0,336562.0,319419.0,299356.0,246000.0,267170.0,225490.0,356825.0,333888.0,293326.0,218100.0,291719.0,271117.0,243137.0,256103.0,214963.0,258960.0,287954.0,201218.0,306433.0,,
Tunisia,,465000.0,640000.0,800000.0,690000.0,800000.0,650000.0,550000.0,600000.0,480000.0,519000.0,660000.0,965000.0,890000.0,857000.0,935000.0,810000.0,750000.0,750000.0,680000.0,869000.0,963000.0,916000.0,618000.0,711330.0,1380000.0,630000.0,1359900.0,360000.0,420000.0,1122000.0,1786100.0,1584100.0,1412600.0,502600.0,530800.0,2017650.0,884900.0,1353520.0,1390000.0,842000.0,1118000.0,422200.0,1984000.0,1722000.0,1626700.0,1250600.0,1442800.0,919000.0,1653600.0,822000.0,1605500.0,1523300.0,975490.0,1513000.0,912570.0,926592.0,,
Turkey,https://images-na.ssl-images-amazon.com/images/I/41ZpsKOBO6L._SL1200_.jpg,7135000.0,8580000.0,10137000.0,8440000.0,8630000.0,9715000.0,10110000.0,9603000.0,10593000.0,10081000.0,13594000.0,12275000.0,10080000.0,11080000.0,14830000.0,16577500.0,16720000.0,16764000.0,17569008.0,16554000.0,17050000.0,17542000.0,16437000.0,17235008.0,17032000.0,19032000.0,18932000.0,20523008.0,16221000.0,20022000.0,20400000.0,19300000.0,21000000.0,17500000.0,18000000.0,18500000.0,18650000.0,21000000.0,18000000.0,21000000.0,19000000.0,19500000.0,19000000.0,21000000.0,21500000.0,20010000.0,17234000.0,17782000.0,20600000.0,19674000.0,21800000.0,20100000.0,22050000.0,19000000.0,22600000.0,20600000.0,,19000800.0
Turkmenistan,,,,,,,,,,,,,,,,,,,,,,,,,,,,,,,,,377000.0,509000.0,675000.0,695000.0,453100.0,706900.0,1245200.0,1505800.0,1690000.0,1760000.0,2326000.0,2487000.0,2600000.0,2834000.0,3260000.0,1082770.0,996160.0,1405600.0,1476620.0,1168220.0,1200000.0,1600000.0,1200000.0,1406000.0,1600000.0,,
Uganda,,,,,,,885.0,1329.0,5000.0,5000.0,7920.0,7000.0,6900.0,6900.0,8000.0,14000.0,12000.0,13000.0,13900.0,5000.0,17000.0,8000.0,10000.0,12000.0,7000.0,8000.0,8333.0,10000.0,13000.0,10761.0,4000.0,9000.0,8800.0,9000.0,9000.0,9000.0,9000.0,9000.0,9000.0,11000.0,12000.0,14000.0,14000.0,15000.0,15000.0,15000.0,18000.0,19000.0,19000.0,20000.0,20000.0,23000.0,20000.0,20000.0,22000.0,22076.0,22951.0,,
Ukraine,https://upload.wikimedia.org/wikipedia/commons/thumb/4/49/Flag_of_Ukraine.svg/2000px-Flag_of_Ukraine.svg.png,,,,,,,,,,,,,,,,,,,,,,,,,,,,,,,,19507424.0,21831008.0,13856600.0,16273300.0,13547100.0,18403900.0,14936600.0,13585300.0,10197000.0,21348000.0,20556000.0,11388410.0,17520200.0,18699200.0,13947300.0,13937700.0,25885400.0,20886400.0,16851300.0,22323600.0,15762600.0,22279300.0,24113970.0,26532100.0,26098830.0,26208980.0,25057250.0
The United Arab Emirates,,,,,,,,,,,,,,,,,,14.0,242.0,785.0,906.0,757.0,1780.0,1276.0,1536.0,1300.0,1175.0,874.0,544.0,1201.0,2877.0,2466.0,3179.0,765.0,1052.0,972.0,601.0,298.0,360.0,212.0,364.0,159.0,116.0,15.0,20.0,24.0,26.0,30.0,30.0,45.0,29.0,36.0,52.0,82.0,82.0,82.0,82.0,,
United kingdom,https://upload.wikimedia.org/wikipedia/en/thumb/a/ae/Flag_of_the_United_Kingdom.svg/1280px-Flag_of_the_United_Kingdom.svg.png,2614000.0,3974000.0,3046000.0,3793000.0,4171000.0,3475645.0,3903807.0,3470000.0,3364750.0,4237460.0,4816560.0,4781540.0,5004535.0,6131587.0,4488000.0,4740000.0,5274163.0,6610000.0,7168000.0,8470000.0,8710000.0,10320000.0,10800000.0,14970000.0,12046000.0,13911000.0,11940000.0,11720000.0,14033000.0,14033000.0,14362419.0,14093267.0,12890070.0,13314154.0,14309981.0,16071178.0,15018248.0,15449029.0,14866478.0,16703526.0,11580107.0,15972556.0,14281852.0,15473000.0,14863000.0,14755222.0,13220620.0,17227051.0,14075596.0,14877835.0,15257083.0,13261000.0,11921304.0,16606009.0,16444000.0,14383000.0,,
United Republic of Tanzania,,6100.0,17578.0,24514.0,27099.0,33019.0,38270.0,35099.0,44000.0,41000.0,57000.0,60000.0,88000.0,85000.0,82000.0,69000.0,64000.0,55000.0,70000.0,87000.0,90000.0,95000.0,58000.0,74000.0,83000.0,72000.0,71640.0,72000.0,76000.0,97000.0,106000.0,84000.0,64000.0,59000.0,59000.0,75300.0,83600.0,78500.0,111500.0,82400.0,32700.0,89000.0,77000.0,74000.0,67000.0,102000.0,110000.0,82800.0,43360.0,82370.0,62370.0,112658.0,108887.0,103973.0,167000.0,72483.0,96122.0,,
USA,https://upload.wikimedia.org/wikipedia/en/thumb/a/a4/Flag_of_the_United_States.svg/1280px-Flag_of_the_United_States.svg.png,33539008.0,29718000.0,31211888.0,34928000.0,35805008.0,35513856.0,41030784.0,42365376.0,39263952.0,36784000.0,44052800.0,42081632.0,46560784.0,48496688.0,57886448.0,58481200.0,55671056.0,48322656.0,58080576.0,64799504.0,75806304.0,75251296.0,65857904.0,70618000.0,65975008.0,56897008.0,57361808.0,49320000.0,55428000.0,74294000.0,53890000.0,67136000.0,65222000.0,63168000.0,59404000.0,61982000.0,67536000.0,69327000.0,62567284.0,60639376.0,52999932.0,43703968.0,63803256.0,58697040.0,57241992.0,49216040.0,55820360.0,68016096.0,60365728.0,60062408.0,54418808.0,61677384.0,58104610.0,55147120.0,55839540.0,62859050.0,47370880.0,51306000.0
Uruguay,,371536.0,452089.0,236540.0,645816.0,619905.0,328760.0,143776.0,469790.0,446882.0,388328.0,301599.0,186543.0,296844.0,526499.0,455662.0,504938.0,173235.0,174269.0,435281.0,306577.0,387768.0,363144.0,418723.0,348861.0,246143.0,231730.0,307824.0,413575.0,542378.0,417400.0,188300.0,342300.0,343900.0,486900.0,392900.0,649700.0,504800.0,559200.0,383900.0,324400.0,143600.0,205800.0,326000.0,532600.0,454100.0,611200.0,697143.0,1356600.0,1844416.0,1300700.0,2016300.0,982000.0,1532796.0,1076000.0,1191000.0,757000.0,,
Uzbekistan,,,,,,,,,,,,,,,,,,,,,,,,,,,,,,,,,1042400.0,947400.0,1452100.0,2494100.0,2741800.0,3229200.0,3719400.0,3757100.0,3684200.0,3843500.0,5183000.0,5625600.0,5507600.0,6057200.0,6099300.0,6190300.0,6147100.0,6639800.0,6745000.0,6526955.0,6612200.0,6841977.0,6955976.0,6964664.0,6940500.0,,
Venezuela (Bolivarian Republic of),,1228.0,622.0,1105.0,1200.0,1308.0,1427.0,1555.0,821.0,486.0,510.0,609.0,639.0,682.0,627.0,532.0,560.0,558.0,571.0,415.0,437.0,420.0,347.0,303.0,291.0,314.0,297.0,306.0,319.0,302.0,310.0,310.0,310.0,310.0,310.0,517.0,517.0,517.0,517.0,517.0,517.0,585.0,54.0,152.0,264.0,517.0,220.0,213.0,230.0,143.0,183.0,204.0,218.0,161.0,161.0,179.0,140.0,,
Global,,1666390.0,1643800.0,1765620.0,1828890.0,1991870.0,2247400.0,2515790.0,3153160.0,3256650.0,3173936.0,3878116.0,4016814.0,4645797.0,5059080.0,4202464.0,4806956.0,5213632.0,5600588.0,3736134.0,5386000.0,4324783.0,4606334.0,5819981.0,6170309.0,6023006.0,5305006.0,6154228.0,6547075.0,6356066.0,6706872.0,6205388.0,5110300.0,,,,,,,,,,,,,,,,,,,,,,,,,,
To whom,,34000.0,35000.0,37000.0,41500.0,44600.0,43900.0,46300.0,41000.0,35940.0,38500.0,51700.0,45000.0,76070.0,101984.0,88134.0,85674.0,88332.0,59000.0,88000.0,73000.0,84581.0,82384.0,50162.0,52252.0,73000.0,95462.0,112527.0,142452.0,162572.0,154937.0,99913.0,152170.0,159707.0,171033.0,170929.0,144926.0,129175.0,167058.0,139563.0,141884.0,152742.0,131733.0,103794.0,103265.0,112963.0,149173.0,218520.0,170446.0,222129.0,265432.0,232339.0,250264.0,232190.0,192215.0,124940.0,220154.0,,
Zambia,,608.0,934.0,717.0,214.0,214.0,81.0,199.0,200.0,220.0,101.0,100.0,99.0,100.0,1284.0,3487.0,3948.0,5324.0,5341.0,6528.0,9765.0,11835.0,14130.0,10936.0,13221.0,17156.0,17998.0,27668.0,37123.0,46610.0,55011.0,65236.0,54490.0,69286.0,60944.0,38019.0,57595.0,70810.0,63925.0,69226.0,75000.0,80000.0,75000.0,135000.0,82858.0,136833.0,93958.0,115843.0,113242.0,195456.0,172256.0,237332.0,253522.0,273584.0,201504.0,214230.0,159533.0,,
Zimbabwe,,807.0,1216.0,1869.0,3865.0,3810.0,8878.0,14051.0,26222.0,38938.0,54127.0,87184.0,82037.0,83921.0,97383.0,121083.0,141433.0,164540.0,203052.0,161963.0,191234.0,183516.0,191880.0,124250.0,99000.0,207200.0,248346.0,214548.0,256910.0,283835.0,325983.0,259213.0,57000.0,277000.0,288000.0,70000.0,263134.0,254772.0,242121.0,260909.0,229775.0,197526.0,195000.0,122427.0,247048.0,229089.0,241924.0,149110.0,31000.0,12000.0,18000.0,23000.0,52736.0,52926.0,50422.0,46858.0,43294.0,,
